# timestamps [seconds],pts
1000.000000,0
1001.000000,90000
1002.000000,180000
1003.000000,270000
1004.000000,360000
1005.000000,450000
1006.000000,540000
1007.000000,630000
1008.000000,720000
1009.000000,810000
1010.000000,900000
1011.000000,990000
1012.000000,1080000
1013.000000,1170000
1014.000000,1260000
1015.000000,1350000
1016.000000,1440000
1017.000000,1530000
1018.000000,1620000
1019.000000,1710000
1020.000000,1800000
1021.000000,1890000
1022.000000,1980000
1023.000000,2070000
1024.000000,2160000
1025.000000,2250000
1026.000000,2340000
1027.000000,2430000
1028.000000,2520000
1029.000000,2610000
1030.000000,2700000
1031.000000,2790000
1032.000000,2880000
1033.000000,2970000
1034.000000,3060000
1035.000000,3150000
1036.000000,3240000
1037.000000,3330000
1038.000000,3420000
1039.000000,3510000
1040.000000,3600000
1041.000000,3690000
1042.000000,3780000
1043.000000,3870000
1044.000000,3960000
1045.000000,4050000
1046.000000,4140000
1047.000000,4230000
1048.000000,4320000
1049.000000,4410000
1050.000000,4500000
1051.000000,4590000
1052.000000,4680000
1053.000000,4770000
1054.000000,4860000
1055.000000,4950000
1056.000000,5040000
1057.000000,5130000
1058.000000,5220000
1059.000000,5310000
1060.000000,5400000
1061.000000,5490000
1062.000000,5580000
1063.000000,5670000
1064.000000,5760000
1065.000000,5850000
1066.000000,5940000
1067.000000,6030000
1068.000000,6120000
1069.000000,6210000
1070.000000,6300000
1071.000000,6390000
1072.000000,6480000
1073.000000,6570000
1074.000000,6660000
1075.000000,6750000
1076.000000,6840000
1077.000000,6930000
1078.000000,7020000
1079.000000,7110000
1080.000000,7200000
1081.000000,7290000
1082.000000,7380000
1083.000000,7470000
1084.000000,7560000
1085.000000,7650000
1086.000000,7740000
1087.000000,7830000
1088.000000,7920000
1089.000000,8010000
1090.000000,8100000
1091.000000,8190000
1092.000000,8280000
1093.000000,8370000
1094.000000,8460000
1095.000000,8550000
1096.000000,8640000
1097.000000,8730000
1098.000000,8820000
1099.000000,8910000
1100.000000,9000000
1101.000000,9090000
1102.000000,9180000
1103.000000,9270000
1104.000000,9360000
1105.000000,9450000
1106.000000,9540000
1107.000000,9630000
1108.000000,9720000
1109.000000,9810000
1110.000000,9900000
1111.000000,9990000
1112.000000,10080000
1113.000000,10170000
1114.000000,10260000
1115.000000,10350000
1116.000000,10440000
1117.000000,10530000
1118.000000,10620000
1119.000000,10710000
1120.000000,10800000
1121.000000,10890000
1122.000000,10980000
1123.000000,11070000
1124.000000,11160000
1125.000000,11250000
1126.000000,11340000
1127.000000,11430000
1128.000000,11520000
1129.000000,11610000
1130.000000,11700000
1131.000000,11790000
1132.000000,11880000
1133.000000,11970000
1134.000000,12060000
1135.000000,12150000
1136.000000,12240000
1137.000000,12330000
1138.000000,12420000
1139.000000,12510000
1140.000000,12600000
1141.000000,12690000
1142.000000,12780000
1143.000000,12870000
1144.000000,12960000
1145.000000,13050000
1146.000000,13140000
1147.000000,13230000
1148.000000,13320000
1149.000000,13410000
1150.000000,13500000
1151.000000,13590000
1152.000000,13680000
1153.000000,13770000
1154.000000,13860000
1155.000000,13950000
1156.000000,14040000
1157.000000,14130000
1158.000000,14220000
1159.000000,14310000
1160.000000,14400000
1161.000000,14490000
1162.000000,14580000
1163.000000,14670000
1164.000000,14760000
1165.000000,14850000
1166.000000,14940000
1167.000000,15030000
1168.000000,15120000
1169.000000,15210000
1170.000000,15300000
1171.000000,15390000
1172.000000,15480000
1173.000000,15570000
1174.000000,15660000
1175.000000,15750000
1176.000000,15840000
1177.000000,15930000
1178.000000,16020000
1179.000000,16110000
1180.000000,16200000
1181.000000,16290000
1182.000000,16380000
1183.000000,16470000
1184.000000,16560000
1185.000000,16650000
1186.000000,16740000
1187.000000,16830000
1188.000000,16920000
1189.000000,17010000
1190.000000,17100000
1191.000000,17190000
1192.000000,17280000
1193.000000,17370000
1194.000000,17460000
1195.000000,17550000
1196.000000,17640000
1197.000000,17730000
1198.000000,17820000
1199.000000,17910000
1200.000000,18000000
1201.000000,18090000
1202.000000,18180000
1203.000000,18270000
1204.000000,18360000
1205.000000,18450000
1206.000000,18540000
1207.000000,18630000
1208.000000,18720000
1209.000000,18810000
1210.000000,18900000
1211.000000,18990000
1212.000000,19080000
1213.000000,19170000
1214.000000,19260000
1215.000000,19350000
1216.000000,19440000
1217.000000,19530000
1218.000000,19620000
1219.000000,19710000
1220.000000,19800000
1221.000000,19890000
1222.000000,19980000
1223.000000,20070000
1224.000000,20160000
1225.000000,20250000
1226.000000,20340000
1227.000000,20430000
1228.000000,20520000
1229.000000,20610000
1230.000000,20700000
1231.000000,20790000
1232.000000,20880000
1233.000000,20970000
1234.000000,21060000
1235.000000,21150000
1236.000000,21240000
1237.000000,21330000
1238.000000,21420000
1239.000000,21510000
1240.000000,21600000
1241.000000,21690000
1242.000000,21780000
1243.000000,21870000
1244.000000,21960000
1245.000000,22050000
1246.000000,22140000
1247.000000,22230000
1248.000000,22320000
1249.000000,22410000
1250.000000,22500000
1251.000000,22590000
1252.000000,22680000
1253.000000,22770000
1254.000000,22860000
1255.000000,22950000
1256.000000,23040000
1257.000000,23130000
1258.000000,23220000
1259.000000,23310000
1260.000000,23400000
1261.000000,23490000
1262.000000,23580000
1263.000000,23670000
1264.000000,23760000
1265.000000,23850000
1266.000000,23940000
1267.000000,24030000
1268.000000,24120000
1269.000000,24210000
1270.000000,24300000
1271.000000,24390000
1272.000000,24480000
1273.000000,24570000
1274.000000,24660000
1275.000000,24750000
1276.000000,24840000
1277.000000,24930000
1278.000000,25020000
1279.000000,25110000
1280.000000,25200000
1281.000000,25290000
1282.000000,25380000
1283.000000,25470000
1284.000000,25560000
1285.000000,25650000
1286.000000,25740000
1287.000000,25830000
1288.000000,25920000
1289.000000,26010000
1290.000000,26100000
1291.000000,26190000
1292.000000,26280000
1293.000000,26370000
1294.000000,26460000
1295.000000,26550000
1296.000000,26640000
1297.000000,26730000
1298.000000,26820000
1299.000000,26910000
1300.000000,27000000
1301.000000,27090000
1302.000000,27180000
1303.000000,27270000
1304.000000,27360000
1305.000000,27450000
1306.000000,27540000
1307.000000,27630000
1308.000000,27720000
1309.000000,27810000
1310.000000,27900000
1311.000000,27990000
1312.000000,28080000
1313.000000,28170000
1314.000000,28260000
1315.000000,28350000
1316.000000,28440000
1317.000000,28530000
1318.000000,28620000
1319.000000,28710000
1320.000000,28800000
1321.000000,28890000
1322.000000,28980000
1323.000000,29070000
1324.000000,29160000
1325.000000,29250000
1326.000000,29340000
1327.000000,29430000
1328.000000,29520000
1329.000000,29610000
1330.000000,29700000
1331.000000,29790000
1332.000000,29880000
1333.000000,29970000
1334.000000,30060000
1335.000000,30150000
1336.000000,30240000
1337.000000,30330000
1338.000000,30420000
1339.000000,30510000
1340.000000,30600000
1341.000000,30690000
1342.000000,30780000
1343.000000,30870000
1344.000000,30960000
1345.000000,31050000
1346.000000,31140000
1347.000000,31230000
1348.000000,31320000
1349.000000,31410000
1350.000000,31500000
1351.000000,31590000
1352.000000,31680000
1353.000000,31770000
1354.000000,31860000
1355.000000,31950000
1356.000000,32040000
1357.000000,32130000
1358.000000,32220000
1359.000000,32310000
1360.000000,32400000
1361.000000,32490000
1362.000000,32580000
1363.000000,32670000
1364.000000,32760000
1365.000000,32850000
1366.000000,32940000
1367.000000,33030000
1368.000000,33120000
1369.000000,33210000
1370.000000,33300000
1371.000000,33390000
1372.000000,33480000
1373.000000,33570000
1374.000000,33660000
1375.000000,33750000
1376.000000,33840000
1377.000000,33930000
1378.000000,34020000
1379.000000,34110000
1380.000000,34200000
1381.000000,34290000
1382.000000,34380000
1383.000000,34470000
1384.000000,34560000
1385.000000,34650000
1386.000000,34740000
1387.000000,34830000
1388.000000,34920000
1389.000000,35010000
1390.000000,35100000
1391.000000,35190000
1392.000000,35280000
1393.000000,35370000
1394.000000,35460000
1395.000000,35550000
1396.000000,35640000
1397.000000,35730000
1398.000000,35820000
1399.000000,35910000
1400.000000,36000000
1401.000000,36090000
1402.000000,36180000
1403.000000,36270000
1404.000000,36360000
1405.000000,36450000
1406.000000,36540000
1407.000000,36630000
1408.000000,36720000
1409.000000,36810000
1410.000000,36900000
1411.000000,36990000
1412.000000,37080000
1413.000000,37170000
1414.000000,37260000
1415.000000,37350000
1416.000000,37440000
1417.000000,37530000
1418.000000,37620000
1419.000000,37710000
1420.000000,37800000
1421.000000,37890000
1422.000000,37980000
1423.000000,38070000
1424.000000,38160000
1425.000000,38250000
1426.000000,38340000
1427.000000,38430000
1428.000000,38520000
1429.000000,38610000
1430.000000,38700000
1431.000000,38790000
1432.000000,38880000
1433.000000,38970000
1434.000000,39060000
1435.000000,39150000
1436.000000,39240000
1437.000000,39330000
1438.000000,39420000
1439.000000,39510000
1440.000000,39600000
1441.000000,39690000
1442.000000,39780000
1443.000000,39870000
1444.000000,39960000
1445.000000,40050000
1446.000000,40140000
1447.000000,40230000
1448.000000,40320000
1449.000000,40410000
1450.000000,40500000
1451.000000,40590000
1452.000000,40680000
1453.000000,40770000
1454.000000,40860000
1455.000000,40950000
1456.000000,41040000
1457.000000,41130000
1458.000000,41220000
1459.000000,41310000
1460.000000,41400000
1461.000000,41490000
1462.000000,41580000
1463.000000,41670000
1464.000000,41760000
1465.000000,41850000
1466.000000,41940000
1467.000000,42030000
1468.000000,42120000
1469.000000,42210000
1470.000000,42300000
1471.000000,42390000
1472.000000,42480000
1473.000000,42570000
1474.000000,42660000
1475.000000,42750000
1476.000000,42840000
1477.000000,42930000
1478.000000,43020000
1479.000000,43110000
1480.000000,43200000
1481.000000,43290000
1482.000000,43380000
1483.000000,43470000
1484.000000,43560000
1485.000000,43650000
1486.000000,43740000
1487.000000,43830000
1488.000000,43920000
1489.000000,44010000
1490.000000,44100000
1491.000000,44190000
1492.000000,44280000
1493.000000,44370000
1494.000000,44460000
1495.000000,44550000
1496.000000,44640000
1497.000000,44730000
1498.000000,44820000
1499.000000,44910000
1500.000000,45000000
1501.000000,45090000
1502.000000,45180000
1503.000000,45270000
1504.000000,45360000
1505.000000,45450000
1506.000000,45540000
1507.000000,45630000
1508.000000,45720000
1509.000000,45810000
1510.000000,45900000
1511.000000,45990000
1512.000000,46080000
1513.000000,46170000
1514.000000,46260000
1515.000000,46350000
1516.000000,46440000
1517.000000,46530000
1518.000000,46620000
1519.000000,46710000
1520.000000,46800000
1521.000000,46890000
1522.000000,46980000
1523.000000,47070000
1524.000000,47160000
1525.000000,47250000
1526.000000,47340000
1527.000000,47430000
1528.000000,47520000
1529.000000,47610000
1530.000000,47700000
1531.000000,47790000
1532.000000,47880000
1533.000000,47970000
1534.000000,48060000
1535.000000,48150000
1536.000000,48240000
1537.000000,48330000
1538.000000,48420000
1539.000000,48510000
1540.000000,48600000
1541.000000,48690000
1542.000000,48780000
1543.000000,48870000
1544.000000,48960000
1545.000000,49050000
1546.000000,49140000
1547.000000,49230000
1548.000000,49320000
1549.000000,49410000
1550.000000,49500000
1551.000000,49590000
1552.000000,49680000
1553.000000,49770000
1554.000000,49860000
1555.000000,49950000
1556.000000,50040000
1557.000000,50130000
1558.000000,50220000
1559.000000,50310000
1560.000000,50400000
1561.000000,50490000
1562.000000,50580000
1563.000000,50670000
1564.000000,50760000
1565.000000,50850000
1566.000000,50940000
1567.000000,51030000
1568.000000,51120000
1569.000000,51210000
1570.000000,51300000
1571.000000,51390000
1572.000000,51480000
1573.000000,51570000
1574.000000,51660000
1575.000000,51750000
1576.000000,51840000
1577.000000,51930000
1578.000000,52020000
1579.000000,52110000
1580.000000,52200000
1581.000000,52290000
1582.000000,52380000
1583.000000,52470000
1584.000000,52560000
1585.000000,52650000
1586.000000,52740000
1587.000000,52830000
1588.000000,52920000
1589.000000,53010000
1590.000000,53100000
1591.000000,53190000
1592.000000,53280000
1593.000000,53370000
1594.000000,53460000
1595.000000,53550000
1596.000000,53640000
1597.000000,53730000
1598.000000,53820000
1599.000000,53910000
1600.000000,54000000
1601.000000,54090000
1602.000000,54180000
1603.000000,54270000
1604.000000,54360000
1605.000000,54450000
1606.000000,54540000
1607.000000,54630000
1608.000000,54720000
1609.000000,54810000
1610.000000,54900000
1611.000000,54990000
1612.000000,55080000
1613.000000,55170000
1614.000000,55260000
1615.000000,55350000
1616.000000,55440000
1617.000000,55530000
1618.000000,55620000
1619.000000,55710000
1620.000000,55800000
1621.000000,55890000
1622.000000,55980000
1623.000000,56070000
1624.000000,56160000
1625.000000,56250000
1626.000000,56340000
1627.000000,56430000
1628.000000,56520000
1629.000000,56610000
1630.000000,56700000
1631.000000,56790000
1632.000000,56880000
1633.000000,56970000
1634.000000,57060000
1635.000000,57150000
1636.000000,57240000
1637.000000,57330000
1638.000000,57420000
1639.000000,57510000
1640.000000,57600000
1641.000000,57690000
1642.000000,57780000
1643.000000,57870000
1644.000000,57960000
1645.000000,58050000
1646.000000,58140000
1647.000000,58230000
1648.000000,58320000
1649.000000,58410000
1650.000000,58500000
1651.000000,58590000
1652.000000,58680000
1653.000000,58770000
1654.000000,58860000
1655.000000,58950000
1656.000000,59040000
1657.000000,59130000
1658.000000,59220000
1659.000000,59310000
1660.000000,59400000
1661.000000,59490000
1662.000000,59580000
1663.000000,59670000
1664.000000,59760000
1665.000000,59850000
1666.000000,59940000
1667.000000,60030000
1668.000000,60120000
1669.000000,60210000
1670.000000,60300000
1671.000000,60390000
1672.000000,60480000
1673.000000,60570000
1674.000000,60660000
1675.000000,60750000
1676.000000,60840000
1677.000000,60930000
1678.000000,61020000
1679.000000,61110000
1680.000000,61200000
1681.000000,61290000
1682.000000,61380000
1683.000000,61470000
1684.000000,61560000
1685.000000,61650000
1686.000000,61740000
1687.000000,61830000
1688.000000,61920000
1689.000000,62010000
1690.000000,62100000
